{
  "assetsByChunkName": {
    "vendors~app-account~app-confirmation~app-order": "chunk.8d556c5b91286f6e0558.js",
    "vendors~app-account~app-checkout": "chunk.ab9770701aa65e8e05ff.js",
    "vendors~app-cart~app-checkout": "chunk.73b3b4566b8b6ce811e9.js",
    "admin": [
      "admin.228f5479eb9118a468c3.js",
      "admin.228f5479eb9118a468c3.js.map"
    ],
    "app-account": "chunk.d6207a9b7ca06313f35f.js",
    "app-checkout": "chunk.967f0c2d254950f940c4.js",
    "app-confirmation": "chunk.f663e579b3680a6bddd5.js",
    "checkout": [
      "checkout.d38c15a33a547492740e.js",
      "checkout.d38c15a33a547492740e.js.map"
    ],
    "storefront": [
      "storefront.d94c0ef1c0ac07854f49.css",
      "storefront.cbf40b0b35ee735a6830.js",
      "storefront.d94c0ef1c0ac07854f49.css.map",
      "storefront.cbf40b0b35ee735a6830.js.map"
    ],
    "vendors~app-cart": "chunk.335d9fc75946697ec12a.js",
    "vendors~app-order": "chunk.f339f19ade504c37925c.js"
  }
}